"State_Code","State_Name","District_ID","District_Name","School_ID","School_Name","Combined_Key","Juvenile_Justice_School","CS_Classes_Offered","Hispanic_Male","Hispanic_Female","AmericanIndian_Male","AmericanIndian_Female","Asian_Male","Asian_Female","PacificIslander_Male","PacificIslander_Female","Black_Male","Black_Female","White_Male","White_Female","TwoOrMore_Male","TwoOrMore_Female","Total_Male","Total_Female","EnglishLearner_Male","EnglishLearner_Female","Disability_Male","Disability_Female","SCHOOL_YEAR","VIRTUAL_TEXT","TitleI_Schoolwide","TitleI_Targeted","Not_TitleI","school_enrollment","Elementary","Middle","High","Total_CS_Enrolment","White_CS","Black_CS","Hispanic_CS","Asian_CS","AmericanIndian_CS","Multiracial_CS","Prop_Male_CS","Prop_Female_CS","Race_Total_CS","Race_Exceeds_Total","Total_Race_CS","Prop_Black_CS","Prop_White_CS","Prop_Hispanic_CS","Prop_Asian_CS","Prop_AmericanIndian_CS","Prop_Multiracial_CS"
"AR","Arkansas","0507380","Harrison School District",450,"Forest Heights Elem. School","050738000450","No",NA,NA,NA,NA,NA,NA,NA,NA,NA,NA,NA,NA,NA,NA,NA,NA,NA,NA,NA,NA,NA,"2020-2021","No virtual instruction",1,0,0,1995,1,NA,NA,NA,0,0,0,0,0,0,NA,NA,0,NA,NA,NA,NA,NA,NA,NA,NA
"CA","California","0621690","Lincoln Unified",8875,"Claudia Landeen","062169008875","No",NA,NA,NA,NA,NA,NA,NA,NA,NA,NA,NA,NA,NA,NA,NA,NA,NA,NA,NA,NA,NA,"2020-2021","Not reported",NA,NA,NA,2970,1,1,NA,NA,0,0,0,0,0,0,NA,NA,0,NA,NA,NA,NA,NA,NA,NA,NA
"AK","ALASKA","0200180","Anchorage School District",124,"Wonder Park Elementary","020018000124","No",NA,NA,NA,NA,NA,NA,NA,NA,NA,NA,NA,NA,NA,NA,NA,NA,NA,NA,NA,NA,NA,"2021-2022","Supplemental Virtual",1,0,0,1330,1,NA,NA,NA,0,0,0,0,0,0,NA,NA,0,NA,NA,NA,NA,NA,NA,NA,NA
"NE","NEBRASKA","3100187","BOYD COUNTY SCHOOLS",2355,"BOYD COUNTY MIDDLE SCHOOL (SPENCER)","310018702355","No",NA,NA,NA,NA,NA,NA,NA,NA,NA,NA,NA,NA,NA,NA,NA,NA,NA,NA,NA,NA,NA,"2021-2022","No virtual instruction",0,0,1,485,1,1,NA,NA,0,0,0,0,0,0,NA,NA,0,NA,NA,NA,NA,NA,NA,NA,NA
"WI","WISCONSIN","5515870","Waupun School District",2045,"Waupun Area Senior High","551587002045","No",0,NA,NA,NA,NA,NA,NA,NA,NA,NA,NA,NA,NA,NA,NA,NA,NA,NA,NA,NA,NA,"2021-2022","Supplemental Virtual",0,0,1,2830,NA,NA,1,NA,0,0,0,0,0,0,NA,NA,0,NA,NA,NA,NA,NA,NA,NA,NA
"VA","VIRGINIA","5102520","MONTGOMERY CO PBLC SCHS",2818,"EASTERN MONTGOMERY ELEM","510252002818","No",NA,NA,NA,NA,NA,NA,NA,NA,NA,NA,NA,NA,NA,NA,NA,NA,NA,NA,NA,NA,NA,"2021-2022","Supplemental Virtual",1,0,0,1990,1,NA,NA,NA,0,0,0,0,0,0,NA,NA,0,NA,NA,NA,NA,NA,NA,NA,NA
"NC","North Carolina","3702940","Mcdowell County Schools",2809,"Mcdowell Early College","370294002809","No",0,NA,NA,NA,NA,NA,NA,NA,NA,NA,NA,NA,NA,NA,NA,NA,NA,NA,NA,NA,NA,"2020-2021","Supplemental Virtual",0,0,1,1370,NA,NA,1,NA,0,0,0,0,0,0,NA,NA,0,NA,NA,NA,NA,NA,NA,NA,NA
"NJ","New Jersey","3410560","Montclair Public School District",2166,"Montclair High School","341056002166","No",9,12,14,0,0,9,6,0,0,37,24,71,69,7,9,136,122,0,0,7,9,"2020-2021","No virtual instruction",0,0,1,10170,NA,NA,1,258,140,61,26,15,0,16,0.527131782945736,0.472868217054264,258,FALSE,258,0.236434108527132,0.542635658914729,0.10077519379845,0.0581395348837209,0,0.062015503875969
"IL","ILLINOIS","1719200","Hillsboro CUSD 3",6771,"Coffeen Early Childhood Center","171920006771","No",NA,NA,NA,NA,NA,NA,NA,NA,NA,NA,NA,NA,NA,NA,NA,NA,NA,NA,NA,NA,NA,NA,NA,NA,NA,NA,NA,NA,NA,NA,NA,0,0,0,0,0,0,NA,NA,0,NA,NA,NA,NA,NA,NA,NA,NA
"WI","Wisconsin","5515750","Watertown Unified School District",2003,"Webster Elementary","551575002003","No",NA,NA,NA,NA,NA,NA,NA,NA,NA,NA,NA,NA,NA,NA,NA,NA,NA,NA,NA,NA,NA,"2020-2021","Supplemental Virtual",1,0,0,1835,1,NA,NA,NA,0,0,0,0,0,0,NA,NA,0,NA,NA,NA,NA,NA,NA,NA,NA
"CT","CONNECTICUT","0905372","The Gilbert School District",1222,"The Gilbert School","090537201222","No",1,1,0,0,0,2,0,0,0,0,0,1,1,1,0,5,1,0,0,1,0,"2021-2022","Supplemental Virtual",0,0,1,2190,NA,1,1,6,2,0,1,2,0,1,0.833333333333333,0.166666666666667,6,FALSE,6,0,0.333333333333333,0.166666666666667,0.333333333333333,0,0.166666666666667
"MD","MARYLAND","2400210","Carroll County Public Schools",534,"Freedom  Elementary","240021000534","No",NA,NA,NA,NA,NA,NA,NA,NA,NA,NA,NA,NA,NA,NA,NA,NA,NA,NA,NA,NA,NA,"2021-2022","No virtual instruction",0,0,1,2995,1,NA,NA,NA,0,0,0,0,0,0,NA,NA,0,NA,NA,NA,NA,NA,NA,NA,NA
"GA","GEORGIA","1302100","Fannin County",916,"Blue Ridge Elementary School","130210000916","No",NA,NA,NA,NA,NA,NA,NA,NA,NA,NA,NA,NA,NA,NA,NA,NA,NA,NA,NA,NA,NA,"2021-2022","No virtual instruction",1,0,0,2135,1,NA,NA,NA,0,0,0,0,0,0,NA,NA,0,NA,NA,NA,NA,NA,NA,NA,NA
"TX","TEXAS","4807350","COLLEGE STATION ISD",12023,"CREEK VIEW EL","480735012023","No",NA,NA,NA,NA,NA,NA,NA,NA,NA,NA,NA,NA,NA,NA,NA,NA,NA,NA,NA,NA,NA,"2021-2022","Missing",1,0,0,2375,1,NA,NA,NA,0,0,0,0,0,0,NA,NA,0,NA,NA,NA,NA,NA,NA,NA,NA
"FL","Florida","1200870","Hillsborough",7794,"Franklin Middle Magnet School","120087007794","No",NA,NA,NA,NA,NA,NA,NA,NA,NA,NA,NA,NA,NA,NA,NA,NA,NA,NA,NA,NA,NA,"2020-2021","No virtual instruction",1,0,0,2175,NA,1,NA,NA,0,0,0,0,0,0,NA,NA,0,NA,NA,NA,NA,NA,NA,NA,NA
"CA","CALIFORNIA","0600013","Rocklin Unified",10575,"Rock Creek Elementary","060001310575","No",NA,NA,NA,NA,NA,NA,NA,NA,NA,NA,NA,NA,NA,NA,NA,NA,NA,NA,NA,NA,NA,"2021-2022","Not reported",NA,NA,NA,2280,1,1,NA,NA,0,0,0,0,0,0,NA,NA,0,NA,NA,NA,NA,NA,NA,NA,NA
"CA","CALIFORNIA","0640150","Tustin Unified",6639,"Robert Heideman Elementary","064015006639","No",NA,NA,NA,NA,NA,NA,NA,NA,NA,NA,NA,NA,NA,NA,NA,NA,NA,NA,NA,NA,NA,"2021-2022","Not reported",NA,NA,NA,2650,1,NA,NA,NA,0,0,0,0,0,0,NA,NA,0,NA,NA,NA,NA,NA,NA,NA,NA
"TX","TEXAS","4816620","DEL VALLE ISD",12337,"DAILEY MIDDLE","481662012337","No",NA,NA,NA,NA,NA,NA,NA,NA,NA,NA,NA,NA,NA,NA,NA,NA,NA,NA,NA,NA,NA,"2021-2022","Missing",1,0,0,4530,NA,1,NA,NA,0,0,0,0,0,0,NA,NA,0,NA,NA,NA,NA,NA,NA,NA,NA
"AZ","Arizona","0407080","Roosevelt Elementary District (4279)",99995,"J.R. Davis Head Start","040708099995","No",NA,NA,NA,NA,NA,NA,NA,NA,NA,NA,NA,NA,NA,NA,NA,NA,NA,NA,NA,NA,NA,NA,NA,NA,NA,NA,NA,NA,NA,NA,NA,0,0,0,0,0,0,NA,NA,0,NA,NA,NA,NA,NA,NA,NA,NA
"NY","New York","3601140","Success Academy Charter School-Bed Stuy 3",6583,"Success Academy Charter School-Bed Stuy 3","360114006583","No",NA,NA,NA,NA,NA,NA,NA,NA,NA,NA,NA,NA,NA,NA,NA,NA,NA,NA,NA,NA,NA,"2020-2021","Supplemental Virtual",1,0,0,790,1,1,NA,NA,0,0,0,0,0,0,NA,NA,0,NA,NA,NA,NA,NA,NA,NA,NA
"NV","NEVADA","3200210","HUMBOLDT COUNTY SCHOOL DISTRICT",151,"Kings River","320021000151","No",NA,NA,NA,NA,NA,NA,NA,NA,NA,NA,NA,NA,NA,NA,NA,NA,NA,NA,NA,NA,NA,"2021-2022","No virtual instruction",0,0,1,45,1,1,NA,NA,0,0,0,0,0,0,NA,NA,0,NA,NA,NA,NA,NA,NA,NA,NA
"NJ","New Jersey","3402250","Bridgeton City School District",581,"Geraldine O Foster Early Childhood Center","340225000581","No",NA,NA,NA,NA,NA,NA,NA,NA,NA,NA,NA,NA,NA,NA,NA,NA,NA,NA,NA,NA,NA,"2020-2021","No virtual instruction",0,0,1,1540,1,NA,NA,NA,0,0,0,0,0,0,NA,NA,0,NA,NA,NA,NA,NA,NA,NA,NA
"WI","WISCONSIN","5514940","Tomahawk School District",1948,"Tomahawk Middle","551494001948","No",NA,NA,NA,NA,NA,NA,NA,NA,NA,NA,NA,NA,NA,NA,NA,NA,NA,NA,NA,NA,NA,"2021-2022","Supplemental Virtual",0,0,1,1435,NA,1,NA,NA,0,0,0,0,0,0,NA,NA,0,NA,NA,NA,NA,NA,NA,NA,NA
"WA","Washington","5308250","Spokane School District",2362,"Alternative Northeast Community Center Preschool","530825002362","No",NA,NA,NA,NA,NA,NA,NA,NA,NA,NA,NA,NA,NA,NA,NA,NA,NA,NA,NA,NA,NA,"2020-2021","No virtual instruction",0,0,1,65,1,NA,NA,NA,0,0,0,0,0,0,NA,NA,0,NA,NA,NA,NA,NA,NA,NA,NA
"VA","VIRGINIA","5101260","FAIRFAX CO PBLC SCHS",583,"WAYNEWOOD ELEM","510126000583","No",NA,NA,NA,NA,NA,NA,NA,NA,NA,NA,NA,NA,NA,NA,NA,NA,NA,NA,NA,NA,NA,"2021-2022","Supplemental Virtual",0,0,1,3310,1,1,NA,NA,0,0,0,0,0,0,NA,NA,0,NA,NA,NA,NA,NA,NA,NA,NA
"PR","Puerto Rico","7200030","Puerto Rico Department Of Education",1193,"Herminio Arzola Emmanuelli (Quebradas)","720003001193","No",NA,NA,NA,NA,NA,NA,NA,NA,NA,NA,NA,NA,NA,NA,NA,NA,NA,NA,NA,NA,NA,"2020-2021","No virtual instruction",1,0,0,1125,1,NA,NA,NA,0,0,0,0,0,0,NA,NA,0,NA,NA,NA,NA,NA,NA,NA,NA
"VA","VIRGINIA","5103240","RICHMOND CITY PBLC SCHS",1406,"WILLIAM FOX ELEM","510324001406","No",NA,NA,NA,NA,NA,NA,NA,NA,NA,NA,NA,NA,NA,NA,NA,NA,NA,NA,NA,NA,NA,"2021-2022","Supplemental Virtual",0,0,1,1790,1,NA,NA,NA,0,0,0,0,0,0,NA,NA,0,NA,NA,NA,NA,NA,NA,NA,NA
"FL","Florida","1201590","Polk",1753,"Bartow Senior High School","120159001753","No",0,NA,NA,NA,NA,NA,NA,NA,NA,NA,NA,NA,NA,NA,NA,NA,NA,NA,NA,NA,NA,"2020-2021","No virtual instruction",0,1,0,10895,NA,NA,1,NA,0,0,0,0,0,0,NA,NA,0,NA,NA,NA,NA,NA,NA,NA,NA
"AZ","Arizona","0400401","New World Educational Center (78882)",1866,"New World Educational Center","040040101866","No",NA,NA,NA,NA,NA,NA,NA,NA,NA,NA,NA,NA,NA,NA,NA,NA,NA,NA,NA,NA,NA,"2020-2021","No virtual instruction",1,0,0,1050,1,1,1,NA,0,0,0,0,0,0,NA,NA,0,NA,NA,NA,NA,NA,NA,NA,NA
"PA","PENNSYLVANIA","4205550","Chambersburg Area SD",2216,"South Hamilton El Sch","420555002216","No",NA,NA,NA,NA,NA,NA,NA,NA,NA,NA,NA,NA,NA,NA,NA,NA,NA,NA,NA,NA,NA,"2021-2022","Supplemental Virtual",1,0,0,1270,1,NA,NA,NA,0,0,0,0,0,0,NA,NA,0,NA,NA,NA,NA,NA,NA,NA,NA
"CA","California","0622710","Los Angeles Unified",3260,"Palisades Charter Elementary","062271003260","No",NA,NA,NA,NA,NA,NA,NA,NA,NA,NA,NA,NA,NA,NA,NA,NA,NA,NA,NA,NA,NA,"2020-2021","Not reported",NA,NA,NA,2275,1,NA,NA,NA,0,0,0,0,0,0,NA,NA,0,NA,NA,NA,NA,NA,NA,NA,NA
"IL","ILLINOIS","1717520","Grayslake CCSD 46",5281,"Woodview School","171752005281","No",NA,NA,NA,NA,NA,NA,NA,NA,NA,NA,NA,NA,NA,NA,NA,NA,NA,NA,NA,NA,NA,"2021-2022","No virtual instruction",0,0,1,2165,1,NA,NA,NA,0,0,0,0,0,0,NA,NA,0,NA,NA,NA,NA,NA,NA,NA,NA
"TX","TEXAS","4817700","EAGLE MT-SAGINAW ISD",11345,"GREENFIELD EL","481770011345","No",NA,NA,NA,NA,NA,NA,NA,NA,NA,NA,NA,NA,NA,NA,NA,NA,NA,NA,NA,NA,NA,"2021-2022","Missing",1,0,0,3510,1,NA,NA,NA,0,0,0,0,0,0,NA,NA,0,NA,NA,NA,NA,NA,NA,NA,NA
"CA","CALIFORNIA","0634800","San Luis Coastal Unified",12730,"PEEP - PREPARE","063480012730","No",0,NA,NA,NA,NA,NA,NA,NA,NA,NA,NA,NA,NA,NA,NA,NA,NA,NA,NA,NA,NA,"2021-2022","Not reported",NA,NA,NA,85,1,1,1,NA,0,0,0,0,0,0,NA,NA,0,NA,NA,NA,NA,NA,NA,NA,NA
"NJ","NEW JERSEY","3411820","Northvale Public School District",656,"Northvale Public School","341182000656","No",NA,NA,NA,NA,NA,NA,NA,NA,NA,NA,NA,NA,NA,NA,NA,NA,NA,NA,NA,NA,NA,"2021-2022","No virtual instruction",0,0,1,2635,1,1,NA,NA,0,0,0,0,0,0,NA,NA,0,NA,NA,NA,NA,NA,NA,NA,NA
"WA","WASHINGTON","5307650","San Juan Island School District",1798,"Friday Harbor Elementary School","530765001798","No",NA,NA,NA,NA,NA,NA,NA,NA,NA,NA,NA,NA,NA,NA,NA,NA,NA,NA,NA,NA,NA,"2021-2022","No virtual instruction",1,0,0,1515,1,1,NA,NA,0,0,0,0,0,0,NA,NA,0,NA,NA,NA,NA,NA,NA,NA,NA
"PR","Puerto Rico","7200030","Puerto Rico Department Of Education",544,"Bartolome De Las Casas","720003000544","No",NA,NA,NA,NA,NA,NA,NA,NA,NA,NA,NA,NA,NA,NA,NA,NA,NA,NA,NA,NA,NA,"2020-2021","No virtual instruction",1,0,0,755,1,1,NA,NA,0,0,0,0,0,0,NA,NA,0,NA,NA,NA,NA,NA,NA,NA,NA
"FL","Florida","1201500","Palm Beach",4121,"Palm Beach Central High School","120150004121","No",8,28,11,0,1,4,1,1,0,12,4,27,12,0,0,72,29,2,0,10,5,"2020-2021","No virtual instruction",1,0,0,14475,NA,NA,1,101,39,16,39,5,1,0,0.712871287128713,0.287128712871287,100,FALSE,100,0.16,0.39,0.39,0.05,0.01,0
"MN","MINNESOTA","2700276","SPECTRUM HIGH SCHOOL",3615,"SPECTRUM HIGH SCHOOL","270027603615","No",8,1,2,0,1,0,4,0,0,2,1,66,47,4,1,73,56,1,0,9,8,"2021-2022","No virtual instruction",0,1,0,2205,NA,NA,1,129,113,3,3,4,1,5,0.565891472868217,0.434108527131783,129,FALSE,129,0.0232558139534884,0.875968992248062,0.0232558139534884,0.0310077519379845,0.00775193798449612,0.0387596899224806
"NE","Nebraska","3173830","Minden Public Schools",1264,"C L Jones Middle School","317383001264","No",NA,NA,NA,NA,NA,NA,NA,NA,NA,NA,NA,NA,NA,NA,NA,NA,NA,NA,NA,NA,NA,"2020-2021","No virtual instruction",0,0,1,1595,1,1,NA,NA,0,0,0,0,0,0,NA,NA,0,NA,NA,NA,NA,NA,NA,NA,NA
"KY","KENTUCKY","2102860","Hopkins County",1472,"West Hopkins School","210286001472","No",NA,NA,NA,NA,NA,NA,NA,NA,NA,NA,NA,NA,NA,NA,NA,NA,NA,NA,NA,NA,NA,"2021-2022","Supplemental Virtual",1,0,0,1740,1,1,NA,NA,0,0,0,0,0,0,NA,NA,0,NA,NA,NA,NA,NA,NA,NA,NA
"TX","TEXAS","4837900","ROSEBUD-LOTT ISD",4243,"ROSEBUD-LOTT MIDDLE","483790004243","No",NA,NA,NA,NA,NA,NA,NA,NA,NA,NA,NA,NA,NA,NA,NA,NA,NA,NA,NA,NA,NA,"2021-2022","Missing",1,0,0,410,NA,1,NA,NA,0,0,0,0,0,0,NA,NA,0,NA,NA,NA,NA,NA,NA,NA,NA
"DE","DELAWARE","1000080","Appoquinimink School District",314,"Townsend Early Childhood Center","100008000314","No",NA,NA,NA,NA,NA,NA,NA,NA,NA,NA,NA,NA,NA,NA,NA,NA,NA,NA,NA,NA,NA,"2021-2022","No virtual instruction",1,0,0,995,1,NA,NA,NA,0,0,0,0,0,0,NA,NA,0,NA,NA,NA,NA,NA,NA,NA,NA
"SD","SOUTH DAKOTA","4621420","Bridgewater-Emery 30-3",74,"Bridgewater-Emery High School - 01","462142000074","No",1,0,1,0,0,0,0,0,0,2,0,15,11,0,0,17,12,0,0,1,0,"2021-2022","No virtual instruction",0,1,0,470,NA,NA,1,29,26,2,1,0,0,0,0.586206896551724,0.413793103448276,29,FALSE,29,0.0689655172413793,0.896551724137931,0.0344827586206897,0,0,0
"IA","Iowa","1931680","Williamsburg Comm School District",611,"Mary Welsh Elementary","193168000611","No",NA,NA,NA,NA,NA,NA,NA,NA,NA,NA,NA,NA,NA,NA,NA,NA,NA,NA,NA,NA,NA,"2020-2021","Supplemental Virtual",0,1,0,2995,1,1,NA,NA,0,0,0,0,0,0,NA,NA,0,NA,NA,NA,NA,NA,NA,NA,NA
"CA","California","0622710","Los Angeles Unified",3070,"Harold Mcalister High (Opportunity)","062271003070","No",6,0,7,0,0,0,1,0,0,0,0,0,0,0,0,0,8,0,2,0,2,"2020-2021","Not reported",NA,NA,NA,515,NA,1,1,8,0,0,7,1,0,0,0,1,8,FALSE,8,0,0,0.875,0.125,0,0
"NY","New York","3622140","South Seneca Central School District",3134,"South Seneca Middle/High School","362214003134","No",3,0,0,0,0,0,0,0,0,0,0,3,6,0,0,3,6,0,0,0,0,"2020-2021","Supplemental Virtual",1,0,0,1685,NA,1,1,9,9,0,0,0,0,0,0.333333333333333,0.666666666666667,9,FALSE,9,0,1,0,0,0,0
"OH","Ohio","3904696","Gahanna-Jefferson City",465,"Blacklick Elementary School","390469600465","No",NA,NA,NA,NA,NA,NA,NA,NA,NA,NA,NA,NA,NA,NA,NA,NA,NA,NA,NA,NA,NA,"2020-2021","No virtual instruction",0,0,1,2810,1,NA,NA,NA,0,0,0,0,0,0,NA,NA,0,NA,NA,NA,NA,NA,NA,NA,NA
"AZ","ARIZONA","0407520","Santa Cruz Valley Unified District (4458)",635,"Mountain View School","040752000635","No",NA,NA,NA,NA,NA,NA,NA,NA,NA,NA,NA,NA,NA,NA,NA,NA,NA,NA,NA,NA,NA,"2021-2022","No virtual instruction",1,0,0,1895,1,NA,NA,NA,0,0,0,0,0,0,NA,NA,0,NA,NA,NA,NA,NA,NA,NA,NA
"KY","KENTUCKY","2103090","Kenton County",818,"Simon Kenton High School","210309000818","No",7,0,0,0,0,0,1,0,0,1,0,40,14,2,1,43,16,0,0,5,1,"2021-2022","Supplemental Virtual",0,0,1,9115,NA,NA,1,59,54,1,0,1,0,3,0.728813559322034,0.271186440677966,59,FALSE,59,0.0169491525423729,0.915254237288136,0,0.0169491525423729,0,0.0508474576271186
"OH","OHIO","3910001","Van Buren Local",2900,"Van Buren High School","391000102900","No",0,NA,NA,NA,NA,NA,NA,NA,NA,NA,NA,NA,NA,NA,NA,NA,NA,NA,NA,NA,NA,"2021-2022","No virtual instruction",0,0,1,1795,NA,1,1,NA,0,0,0,0,0,0,NA,NA,0,NA,NA,NA,NA,NA,NA,NA,NA
"TN","TENNESSEE","4700330","Bradley County",105,"Valley View Elementary School","470033000105","No",NA,NA,NA,NA,NA,NA,NA,NA,NA,NA,NA,NA,NA,NA,NA,NA,NA,NA,NA,NA,NA,"2021-2022","No virtual instruction",1,0,0,1465,1,NA,NA,NA,0,0,0,0,0,0,NA,NA,0,NA,NA,NA,NA,NA,NA,NA,NA
"FL","FLORIDA","1201440","ORANGE",1420,"LANCASTER ELEMENTARY","120144001420","No",NA,NA,NA,NA,NA,NA,NA,NA,NA,NA,NA,NA,NA,NA,NA,NA,NA,NA,NA,NA,NA,"2021-2022","No virtual instruction",1,0,0,2960,1,NA,NA,NA,0,0,0,0,0,0,NA,NA,0,NA,NA,NA,NA,NA,NA,NA,NA
"IL","ILLINOIS","1709930","City of Chicago SD 299",728,"Drake Elem School","170993000728","No",NA,NA,NA,NA,NA,NA,NA,NA,NA,NA,NA,NA,NA,NA,NA,NA,NA,NA,NA,NA,NA,"2021-2022","No virtual instruction",1,0,0,1355,1,1,NA,NA,0,0,0,0,0,0,NA,NA,0,NA,NA,NA,NA,NA,NA,NA,NA
"CO","Colorado","0801920","Academy School District No. 20",8,"Woodmen-Roberts Elementary School","080192000008","No",NA,NA,NA,NA,NA,NA,NA,NA,NA,NA,NA,NA,NA,NA,NA,NA,NA,NA,NA,NA,NA,"2020-2021","No virtual instruction",0,0,1,2150,1,NA,NA,NA,0,0,0,0,0,0,NA,NA,0,NA,NA,NA,NA,NA,NA,NA,NA
"IA","IOWA","1906510","Cedar Falls Comm School District",221,"Cedar Falls High School","190651000221","No",10,2,2,1,1,8,2,0,0,1,0,80,14,5,1,97,20,0,1,12,3,"2021-2022","Supplemental Virtual",0,1,0,6460,NA,NA,1,117,94,1,4,10,2,6,0.829059829059829,0.170940170940171,117,FALSE,117,0.00854700854700855,0.803418803418803,0.0341880341880342,0.0854700854700855,0.0170940170940171,0.0512820512820513
"MI","Michigan","2601980","Airport Community Schools",3944,"Wagar 78 Middle School","260198003944","No",NA,NA,NA,NA,NA,NA,NA,NA,NA,NA,NA,NA,NA,NA,NA,NA,NA,NA,NA,NA,NA,"2020-2021","Supplemental Virtual",1,0,0,2110,NA,1,NA,NA,0,0,0,0,0,0,NA,NA,0,NA,NA,NA,NA,NA,NA,NA,NA
"OH","Ohio","3904961","Green Local",3648,"Green High School","390496103648","No",0,NA,NA,NA,NA,NA,NA,NA,NA,NA,NA,NA,NA,NA,NA,NA,NA,NA,NA,NA,NA,"2020-2021","No virtual instruction",0,0,1,1200,NA,1,1,NA,0,0,0,0,0,0,NA,NA,0,NA,NA,NA,NA,NA,NA,NA,NA
"SC","South Carolina","4501560","Chesterfield 01",315,"Chesterfield High","450156000315","No",12,5,3,0,0,0,1,0,0,22,14,43,45,6,0,76,63,0,1,8,5,"2020-2021","Supplemental Virtual",0,0,1,2205,NA,NA,1,139,88,36,8,1,0,6,0.546762589928058,0.453237410071942,139,FALSE,139,0.258992805755396,0.633093525179856,0.0575539568345324,0.00719424460431655,0,0.0431654676258993
"PA","Pennsylvania","4206960","Council Rock Sd",4680,"Holland El Sch","420696004680","No",NA,NA,NA,NA,NA,NA,NA,NA,NA,NA,NA,NA,NA,NA,NA,NA,NA,NA,NA,NA,NA,"2020-2021","Supplemental Virtual",0,1,0,2245,1,1,NA,NA,0,0,0,0,0,0,NA,NA,0,NA,NA,NA,NA,NA,NA,NA,NA
"WI","WISCONSIN","5508610","Manitowoc School District",980,"Washington Middle","550861000980","No",NA,NA,NA,NA,NA,NA,NA,NA,NA,NA,NA,NA,NA,NA,NA,NA,NA,NA,NA,NA,NA,"2021-2022","Supplemental Virtual",1,0,0,2495,NA,1,NA,NA,0,0,0,0,0,0,NA,NA,0,NA,NA,NA,NA,NA,NA,NA,NA
"AZ","ARIZONA","0402690","Dysart Unified District (4243)",1462,"Kingswood Elementary School","040269001462","No",NA,NA,NA,NA,NA,NA,NA,NA,NA,NA,NA,NA,NA,NA,NA,NA,NA,NA,NA,NA,NA,"2021-2022","No virtual instruction",1,0,0,3770,1,1,NA,NA,0,0,0,0,0,0,NA,NA,0,NA,NA,NA,NA,NA,NA,NA,NA
"OR","OREGON","4100023","Hillsboro SD 1J",1499,"Orenco Elementary School","410002301499","No",NA,NA,NA,NA,NA,NA,NA,NA,NA,NA,NA,NA,NA,NA,NA,NA,NA,NA,NA,NA,NA,"2021-2022","No virtual instruction",0,0,1,2335,1,1,NA,NA,0,0,0,0,0,0,NA,NA,0,NA,NA,NA,NA,NA,NA,NA,NA
"WA","Washington","5306930","Pullman School District",1018,"Jefferson Elementary","530693001018","No",NA,NA,NA,NA,NA,NA,NA,NA,NA,NA,NA,NA,NA,NA,NA,NA,NA,NA,NA,NA,NA,"2020-2021","No virtual instruction",1,0,0,1360,1,NA,NA,NA,0,0,0,0,0,0,NA,NA,0,NA,NA,NA,NA,NA,NA,NA,NA
"IL","Illinois","1713140","East Maine Sd 63",1555,"Washington Elem School","171314001555","No",NA,NA,NA,NA,NA,NA,NA,NA,NA,NA,NA,NA,NA,NA,NA,NA,NA,NA,NA,NA,NA,"2020-2021","Not reported",NA,NA,NA,1770,1,NA,NA,NA,0,0,0,0,0,0,NA,NA,0,NA,NA,NA,NA,NA,NA,NA,NA
"MI","Michigan","2680620","Kent Isd",8875,"Pine Grove Learning Center","268062008875","No",0,NA,NA,NA,NA,NA,NA,NA,NA,NA,NA,NA,NA,NA,NA,NA,NA,NA,NA,NA,NA,"2020-2021","Supplemental Virtual",0,0,1,405,1,1,1,NA,0,0,0,0,0,0,NA,NA,0,NA,NA,NA,NA,NA,NA,NA,NA
"CO","COLORADO","0804800","Jefferson County School District No. R-1",1807,"Woodrow Wilson Charter Academy","080480001807","No",NA,NA,NA,NA,NA,NA,NA,NA,NA,NA,NA,NA,NA,NA,NA,NA,NA,NA,NA,NA,NA,"2021-2022","No virtual instruction",0,0,1,2525,1,1,NA,NA,0,0,0,0,0,0,NA,NA,0,NA,NA,NA,NA,NA,NA,NA,NA
"MO","Missouri","2915600","Jackson R-Ii",733,"Gordonville Attendance Ctr","291560000733","No",NA,NA,NA,NA,NA,NA,NA,NA,NA,NA,NA,NA,NA,NA,NA,NA,NA,NA,NA,NA,NA,"2020-2021","No virtual instruction",0,0,1,235,1,NA,NA,NA,0,0,0,0,0,0,NA,NA,0,NA,NA,NA,NA,NA,NA,NA,NA
"ME","Maine","2314833","Rsu 56",382,"Dirigo High School","231483300382","No",0,NA,NA,NA,NA,NA,NA,NA,NA,NA,NA,NA,NA,NA,NA,NA,NA,NA,NA,NA,NA,"2020-2021","No virtual instruction",1,0,0,1080,NA,NA,1,NA,0,0,0,0,0,0,NA,NA,0,NA,NA,NA,NA,NA,NA,NA,NA
"NE","NEBRASKA","3103810","BELLEVUE PUBLIC SCHOOLS",1507,"CHAP CENTER","310381001507","No",0,NA,NA,NA,NA,NA,NA,NA,NA,NA,NA,NA,NA,NA,NA,NA,NA,NA,NA,NA,NA,"2021-2022","No virtual instruction",0,0,1,0,1,1,1,NA,0,0,0,0,0,0,NA,NA,0,NA,NA,NA,NA,NA,NA,NA,NA
"TX","Texas","4800010","Hays Cisd",10808,"Blanco Vista El","480001010808","No",NA,NA,NA,NA,NA,NA,NA,NA,NA,NA,NA,NA,NA,NA,NA,NA,NA,NA,NA,NA,NA,"2020-2021","Missing",1,0,0,3105,1,NA,NA,NA,0,0,0,0,0,0,NA,NA,0,NA,NA,NA,NA,NA,NA,NA,NA
"MN","Minnesota","2705790","Bloomington Public School District",232,"Poplar Bridge Elementary","270579000232","No",NA,NA,NA,NA,NA,NA,NA,NA,NA,NA,NA,NA,NA,NA,NA,NA,NA,NA,NA,NA,NA,"2020-2021","No virtual instruction",0,1,0,2080,1,NA,NA,NA,0,0,0,0,0,0,NA,NA,0,NA,NA,NA,NA,NA,NA,NA,NA
"FL","FLORIDA","1200870","HILLSBOROUGH",1028,"WEBB MIDDLE SCHOOL","120087001028","No",NA,NA,NA,NA,NA,NA,NA,NA,NA,NA,NA,NA,NA,NA,NA,NA,NA,NA,NA,NA,NA,"2021-2022","No virtual instruction",1,0,0,3815,NA,1,NA,NA,0,0,0,0,0,0,NA,NA,0,NA,NA,NA,NA,NA,NA,NA,NA
"NC","NORTH CAROLINA","3703870","Richmond County Schools",3209,"East Rockingham Elementary School","370387003209","No",NA,NA,NA,NA,NA,NA,NA,NA,NA,NA,NA,NA,NA,NA,NA,NA,NA,NA,NA,NA,NA,"2021-2022","No virtual instruction",1,0,0,2280,1,NA,NA,NA,0,0,0,0,0,0,NA,NA,0,NA,NA,NA,NA,NA,NA,NA,NA
"OH","Ohio","3910030","Celina City",5629,"Head Start","391003005629","No",NA,NA,NA,NA,NA,NA,NA,NA,NA,NA,NA,NA,NA,NA,NA,NA,NA,NA,NA,NA,NA,"2020-2021","No virtual instruction",0,0,1,520,1,NA,NA,NA,0,0,0,0,0,0,NA,NA,0,NA,NA,NA,NA,NA,NA,NA,NA
"MI","Michigan","2600015","Wayne-Westland Community School District",3906,"Hoover Elementary School","260001503906","No",NA,NA,NA,NA,NA,NA,NA,NA,NA,NA,NA,NA,NA,NA,NA,NA,NA,NA,NA,NA,NA,"2020-2021","Supplemental Virtual",1,0,0,970,1,NA,NA,NA,0,0,0,0,0,0,NA,NA,0,NA,NA,NA,NA,NA,NA,NA,NA
"PA","Pennsylvania","4205700","Chartiers Valley Sd",6706,"Chartiers Valley Hs","420570006706","No",7,1,0,0,0,10,3,0,0,3,1,55,7,1,0,70,11,2,1,7,1,"2020-2021","No virtual instruction",0,1,0,4905,NA,NA,1,81,62,4,1,13,0,1,0.864197530864197,0.135802469135802,81,FALSE,81,0.0493827160493827,0.765432098765432,0.0123456790123457,0.160493827160494,0,0.0123456790123457
"NC","NORTH CAROLINA","3700630","Carteret County Public Schools",1042,"Morehead City Elementary School at Camp Glenn","370063001042","No",NA,NA,NA,NA,NA,NA,NA,NA,NA,NA,NA,NA,NA,NA,NA,NA,NA,NA,NA,NA,NA,"2021-2022","No virtual instruction",1,0,0,1410,1,NA,NA,NA,0,0,0,0,0,0,NA,NA,0,NA,NA,NA,NA,NA,NA,NA,NA
"CA","California","0641580","Washington Unified",10715,"Bridgeway Island Elementary","064158010715","No",NA,NA,NA,NA,NA,NA,NA,NA,NA,NA,NA,NA,NA,NA,NA,NA,NA,NA,NA,NA,NA,"2020-2021","Not reported",NA,NA,NA,5335,1,1,NA,NA,0,0,0,0,0,0,NA,NA,0,NA,NA,NA,NA,NA,NA,NA,NA
"NE","Nebraska","3103810","Bellevue Public Schools",1510,"Lemay Elementary School","310381001510","No",NA,NA,NA,NA,NA,NA,NA,NA,NA,NA,NA,NA,NA,NA,NA,NA,NA,NA,NA,NA,NA,"2020-2021","No virtual instruction",0,0,1,1585,1,1,NA,NA,0,0,0,0,0,0,NA,NA,0,NA,NA,NA,NA,NA,NA,NA,NA
"UT","UTAH","4900420","Jordan District",1103,"Sunset Ridge Middle","490042001103","No",3,5,4,0,0,1,1,0,1,0,0,10,12,3,2,19,20,1,2,3,0,"2021-2022","No virtual instruction",0,0,1,7600,NA,1,1,39,22,0,9,2,0,5,0.487179487179487,0.512820512820513,38,FALSE,38,0,0.578947368421053,0.236842105263158,0.0526315789473684,0,0.131578947368421
"MA","MASSACHUSETTS","2508610","Newton",1369,"John Ward","250861001369","No",NA,NA,NA,NA,NA,NA,NA,NA,NA,NA,NA,NA,NA,NA,NA,NA,NA,NA,NA,NA,NA,"2021-2022","No virtual instruction",0,0,1,1065,1,NA,NA,NA,0,0,0,0,0,0,NA,NA,0,NA,NA,NA,NA,NA,NA,NA,NA
"NY","New York","3613110","Hadley-Luzerne Central School District",1076,"Stuart M Townsend Elementary School","361311001076","No",NA,NA,NA,NA,NA,NA,NA,NA,NA,NA,NA,NA,NA,NA,NA,NA,NA,NA,NA,NA,NA,"2020-2021","Supplemental Virtual",0,1,0,1530,1,1,NA,NA,0,0,0,0,0,0,NA,NA,0,NA,NA,NA,NA,NA,NA,NA,NA
"FL","Florida","1201560","Pinellas",1612,"Cross Bayou Elementary School","120156001612","No",NA,NA,NA,NA,NA,NA,NA,NA,NA,NA,NA,NA,NA,NA,NA,NA,NA,NA,NA,NA,NA,"2020-2021","No virtual instruction",1,0,0,1865,1,NA,NA,NA,0,0,0,0,0,0,NA,NA,0,NA,NA,NA,NA,NA,NA,NA,NA
"NE","Nebraska","3100029","Superior Public Schools",2244,"Superior Elementary School","310002902244","No",NA,NA,NA,NA,NA,NA,NA,NA,NA,NA,NA,NA,NA,NA,NA,NA,NA,NA,NA,NA,NA,"2020-2021","No virtual instruction",1,0,0,1015,1,NA,NA,NA,0,0,0,0,0,0,NA,NA,0,NA,NA,NA,NA,NA,NA,NA,NA
"FL","FLORIDA","1201980","WALTON",2541,"FREEPORT ELEMENTARY SCHOOL","120198002541","No",NA,NA,NA,NA,NA,NA,NA,NA,NA,NA,NA,NA,NA,NA,NA,NA,NA,NA,NA,NA,NA,"2021-2022","No virtual instruction",1,0,0,4840,1,NA,NA,NA,0,0,0,0,0,0,NA,NA,0,NA,NA,NA,NA,NA,NA,NA,NA
"TN","TENNESSEE","4701110","Elizabethton",353,"T A Dugger Junior High School","470111000353","No",NA,NA,NA,NA,NA,NA,NA,NA,NA,NA,NA,NA,NA,NA,NA,NA,NA,NA,NA,NA,NA,"2021-2022","No virtual instruction",0,1,0,3145,NA,1,NA,NA,0,0,0,0,0,0,NA,NA,0,NA,NA,NA,NA,NA,NA,NA,NA
"MA","Massachusetts","2506660","Lawrence",2805,"Up Academy Oliver Middle School","250666002805","No",NA,NA,NA,NA,NA,NA,NA,NA,NA,NA,NA,NA,NA,NA,NA,NA,NA,NA,NA,NA,NA,"2020-2021","Supplemental Virtual",1,0,0,1565,NA,1,NA,NA,0,0,0,0,0,0,NA,NA,0,NA,NA,NA,NA,NA,NA,NA,NA
"NC","NORTH CAROLINA","3700011","Cumberland County Schools",416,"Ed V Baldwin Elementary","370001100416","No",NA,NA,NA,NA,NA,NA,NA,NA,NA,NA,NA,NA,NA,NA,NA,NA,NA,NA,NA,NA,NA,"2021-2022","Supplemental Virtual",1,0,0,2905,1,NA,NA,NA,0,0,0,0,0,0,NA,NA,0,NA,NA,NA,NA,NA,NA,NA,NA
"TX","Texas","4841100","Spring Branch Isd",7955,"Cornerstone Academy","484110007955","No",NA,NA,NA,NA,NA,NA,NA,NA,NA,NA,NA,NA,NA,NA,NA,NA,NA,NA,NA,NA,NA,"2020-2021","Missing",0,0,1,1805,NA,1,NA,NA,0,0,0,0,0,0,NA,NA,0,NA,NA,NA,NA,NA,NA,NA,NA
"MO","MISSOURI","2929280","ST. LOUIS CITY",434,"GATEWAY HIGH","292928000434","No",5,6,3,0,0,8,0,0,0,45,11,8,1,0,0,67,15,13,5,9,1,"2021-2022","No virtual instruction",1,0,0,4780,NA,NA,1,82,9,56,9,8,0,0,0.817073170731707,0.182926829268293,82,FALSE,82,0.682926829268293,0.109756097560976,0.109756097560976,0.0975609756097561,0,0
"NJ","NEW JERSEY","3416800","Vineland Public School District",1928,"Johnstone Elementary School","341680001928","No",NA,NA,NA,NA,NA,NA,NA,NA,NA,NA,NA,NA,NA,NA,NA,NA,NA,NA,NA,NA,NA,"2021-2022","No virtual instruction",0,0,1,865,1,1,NA,NA,0,0,0,0,0,0,NA,NA,0,NA,NA,NA,NA,NA,NA,NA,NA
"WV","WEST VIRGINIA","5401260","RANDOLPH COUNTY SCHOOLS",1002,"MIDLAND ELEMENTARY SCHOOL","540126001002","No",NA,NA,NA,NA,NA,NA,NA,NA,NA,NA,NA,NA,NA,NA,NA,NA,NA,NA,NA,NA,NA,"2021-2022","Supplemental Virtual",1,0,0,1045,1,NA,NA,NA,0,0,0,0,0,0,NA,NA,0,NA,NA,NA,NA,NA,NA,NA,NA
"VA","VIRGINIA","5102820","ORANGE CO PBLC SCHS",1173,"LIGHTFOOT ELEM","510282001173","No",NA,NA,NA,NA,NA,NA,NA,NA,NA,NA,NA,NA,NA,NA,NA,NA,NA,NA,NA,NA,NA,"2021-2022","Supplemental Virtual",1,0,0,1265,1,NA,NA,NA,0,0,0,0,0,0,NA,NA,0,NA,NA,NA,NA,NA,NA,NA,NA
"NM","New Mexico","3500171","Turquoise Trail Charter School",30008,"Turquoise Trail Charter School","350017130008","No",NA,NA,NA,NA,NA,NA,NA,NA,NA,NA,NA,NA,NA,NA,NA,NA,NA,NA,NA,NA,NA,"2020-2021","No virtual instruction",1,0,0,3475,1,1,NA,NA,0,0,0,0,0,0,NA,NA,0,NA,NA,NA,NA,NA,NA,NA,NA
"OH","OHIO","3904738","Southwest Local",2878,"Harrison Middle School","390473802878","No",NA,NA,NA,NA,NA,NA,NA,NA,NA,NA,NA,NA,NA,NA,NA,NA,NA,NA,NA,NA,NA,"2021-2022","No virtual instruction",0,1,0,5360,NA,1,NA,NA,0,0,0,0,0,0,NA,NA,0,NA,NA,NA,NA,NA,NA,NA,NA
"NC","NORTH CAROLINA","3701500","Winston Salem / Forsyth County Schools",2091,"North Hills Elementary","370150002091","No",NA,NA,NA,NA,NA,NA,NA,NA,NA,NA,NA,NA,NA,NA,NA,NA,NA,NA,NA,NA,NA,"2021-2022","No virtual instruction",1,0,0,2255,1,NA,NA,NA,0,0,0,0,0,0,NA,NA,0,NA,NA,NA,NA,NA,NA,NA,NA
"OR","Oregon","4101980","Bend-Lapine Administrative Sd 1",1438,"Highland School At Kenwood Elementary School","410198001438","No",NA,NA,NA,NA,NA,NA,NA,NA,NA,NA,NA,NA,NA,NA,NA,NA,NA,NA,NA,NA,NA,"2020-2021","No virtual instruction",0,0,1,1770,1,NA,NA,NA,0,0,0,0,0,0,NA,NA,0,NA,NA,NA,NA,NA,NA,NA,NA
"MN","Minnesota","2705790","Bloomington Public School District",3706,"Bloomington Transition Center","270579003706","No",0,NA,NA,NA,NA,NA,NA,NA,NA,NA,NA,NA,NA,NA,NA,NA,NA,NA,NA,NA,NA,"2020-2021","No virtual instruction",1,0,0,150,NA,NA,1,NA,0,0,0,0,0,0,NA,NA,0,NA,NA,NA,NA,NA,NA,NA,NA
"MA","Massachusetts","2507110","Lynn",1081,"Lynn Woods","250711001081","No",NA,NA,NA,NA,NA,NA,NA,NA,NA,NA,NA,NA,NA,NA,NA,NA,NA,NA,NA,NA,NA,"2020-2021","Supplemental Virtual",1,0,0,765,1,NA,NA,NA,0,0,0,0,0,0,NA,NA,0,NA,NA,NA,NA,NA,NA,NA,NA
"MT","Montana","3027930","Whitewater K-12 Schools",779,"Whitewater School","302793000779","No",NA,NA,NA,NA,NA,NA,NA,NA,NA,NA,NA,NA,NA,NA,NA,NA,NA,NA,NA,NA,NA,"2020-2021","No virtual instruction",0,1,0,120,1,NA,NA,NA,0,0,0,0,0,0,NA,NA,0,NA,NA,NA,NA,NA,NA,NA,NA
"GA","Georgia","1304980","Tift County",99999,"Sixth Street Academy","130498099999","No",0,NA,NA,NA,NA,NA,NA,NA,NA,NA,NA,NA,NA,NA,NA,NA,NA,NA,NA,NA,NA,NA,NA,NA,NA,NA,NA,NA,NA,NA,NA,0,0,0,0,0,0,NA,NA,0,NA,NA,NA,NA,NA,NA,NA,NA
"RI","Rhode Island","4400420","Foster-Glocester",117,"Ponaganset Middle School","440042000117","No",NA,NA,NA,NA,NA,NA,NA,NA,NA,NA,NA,NA,NA,NA,NA,NA,NA,NA,NA,NA,NA,"2020-2021","No virtual instruction",0,1,0,2225,NA,1,NA,NA,0,0,0,0,0,0,NA,NA,0,NA,NA,NA,NA,NA,NA,NA,NA
"CA","CALIFORNIA","0605580","Santa Maria-Bonita",11437,"Liberty Elementary","060558011437","No",NA,NA,NA,NA,NA,NA,NA,NA,NA,NA,NA,NA,NA,NA,NA,NA,NA,NA,NA,NA,NA,"2021-2022","Not reported",NA,NA,NA,4420,1,1,NA,NA,0,0,0,0,0,0,NA,NA,0,NA,NA,NA,NA,NA,NA,NA,NA
"CA","California","0602546","El Rio Community District",14510,"El Rio Community","060254614510","No",NA,NA,NA,NA,NA,NA,NA,NA,NA,NA,NA,NA,NA,NA,NA,NA,NA,NA,NA,NA,NA,"2020-2021","Not reported",NA,NA,NA,580,1,1,NA,NA,0,0,0,0,0,0,NA,NA,0,NA,NA,NA,NA,NA,NA,NA,NA
"WI","Wisconsin","5509090","Menomonie Area School District",1074,"Downsville Elementary","550909001074","No",NA,NA,NA,NA,NA,NA,NA,NA,NA,NA,NA,NA,NA,NA,NA,NA,NA,NA,NA,NA,NA,"2020-2021","Supplemental Virtual",1,0,0,465,1,NA,NA,NA,0,0,0,0,0,0,NA,NA,0,NA,NA,NA,NA,NA,NA,NA,NA
"FL","FLORIDA","1201530","PASCO",7660,"PASCO ESCHOOL-VIRTUAL FRANCHISE","120153007660","No",0,NA,NA,NA,NA,NA,NA,NA,NA,NA,NA,NA,NA,NA,NA,NA,NA,NA,NA,NA,NA,"2021-2022","Exclusively virtual",0,0,1,4610,NA,1,1,NA,0,0,0,0,0,0,NA,NA,0,NA,NA,NA,NA,NA,NA,NA,NA
"CO","COLORADO","0803360","School District No. 1 in the county of Denver and State of C",6525,"Oakland Elementary","080336006525","No",NA,NA,NA,NA,NA,NA,NA,NA,NA,NA,NA,NA,NA,NA,NA,NA,NA,NA,NA,NA,NA,"2021-2022","No virtual instruction",1,0,0,1385,1,NA,NA,NA,0,0,0,0,0,0,NA,NA,0,NA,NA,NA,NA,NA,NA,NA,NA
"MO","MISSOURI","2918360","LEETON R-X",987,"LEETON HIGH","291836000987","No",1,0,0,0,0,0,0,0,0,0,0,2,1,0,0,2,1,0,0,0,0,"2021-2022","No virtual instruction",0,1,0,510,NA,NA,1,3,3,0,0,0,0,0,0.666666666666667,0.333333333333333,3,FALSE,3,0,1,0,0,0,0
"GA","Georgia","1301740","Dekalb County",4039,"Museum School Avondale Estates","130174004039","No",NA,NA,NA,NA,NA,NA,NA,NA,NA,NA,NA,NA,NA,NA,NA,NA,NA,NA,NA,NA,NA,"2020-2021","No virtual instruction",0,0,1,2945,1,1,NA,NA,0,0,0,0,0,0,NA,NA,0,NA,NA,NA,NA,NA,NA,NA,NA
"FL","Florida","1200480","Duval",645,"Kirby-Smith Middle School","120048000645","No",NA,NA,NA,NA,NA,NA,NA,NA,NA,NA,NA,NA,NA,NA,NA,NA,NA,NA,NA,NA,NA,"2020-2021","No virtual instruction",0,1,0,4565,NA,1,NA,NA,0,0,0,0,0,0,NA,NA,0,NA,NA,NA,NA,NA,NA,NA,NA
"IL","ILLINOIS","1709930","City of Chicago SD 299",643,"De Diego Elem Community Academy","170993000643","No",NA,NA,NA,NA,NA,NA,NA,NA,NA,NA,NA,NA,NA,NA,NA,NA,NA,NA,NA,NA,NA,"2021-2022","No virtual instruction",1,0,0,2240,1,1,NA,NA,0,0,0,0,0,0,NA,NA,0,NA,NA,NA,NA,NA,NA,NA,NA
"CT","Connecticut","0901200","East Haddam School District",184,"East Haddam Elementary School","090120000184","No",NA,NA,NA,NA,NA,NA,NA,NA,NA,NA,NA,NA,NA,NA,NA,NA,NA,NA,NA,NA,NA,"2020-2021","Supplemental Virtual",0,1,0,1435,1,NA,NA,NA,0,0,0,0,0,0,NA,NA,0,NA,NA,NA,NA,NA,NA,NA,NA
"NC","North Carolina","3700107","Metrolina Regional Scholars Academy",2530,"Metrolina Reg Scholars Academy","370010702530","No",NA,NA,NA,NA,NA,NA,NA,NA,NA,NA,NA,NA,NA,NA,NA,NA,NA,NA,NA,NA,NA,"2020-2021","No virtual instruction",1,0,0,1925,1,1,NA,NA,0,0,0,0,0,0,NA,NA,0,NA,NA,NA,NA,NA,NA,NA,NA
"AK","ALASKA","0200485","Lake and Peninsula Borough School District",197,"Igiugig School","020048500197","No",0,NA,NA,NA,NA,NA,NA,NA,NA,NA,NA,NA,NA,NA,NA,NA,NA,NA,NA,NA,NA,"2021-2022","No virtual instruction",1,0,0,115,1,1,1,NA,0,0,0,0,0,0,NA,NA,0,NA,NA,NA,NA,NA,NA,NA,NA
"AL","ALABAMA","0102100","Limestone County",806,"Piney Chapel Elementary School","010210000806","No",NA,NA,NA,NA,NA,NA,NA,NA,NA,NA,NA,NA,NA,NA,NA,NA,NA,NA,NA,NA,NA,"2021-2022","No virtual instruction",0,1,0,1035,1,NA,NA,NA,0,0,0,0,0,0,NA,NA,0,NA,NA,NA,NA,NA,NA,NA,NA
"NY","New York","3607260","Chenango Forks Central School District",514,"Chenango Forks Middle School","360726000514","No",NA,NA,NA,NA,NA,NA,NA,NA,NA,NA,NA,NA,NA,NA,NA,NA,NA,NA,NA,NA,NA,"2020-2021","Supplemental Virtual",1,0,0,1620,NA,1,NA,NA,0,0,0,0,0,0,NA,NA,0,NA,NA,NA,NA,NA,NA,NA,NA
"WV","WEST VIRGINIA","5400150","BROOKE COUNTY SCHOOLS",1585,"BROOKE INTERMEDIATE SCHOOL NORTH","540015001585","No",NA,NA,NA,NA,NA,NA,NA,NA,NA,NA,NA,NA,NA,NA,NA,NA,NA,NA,NA,NA,NA,"2021-2022","Supplemental Virtual",1,0,0,935,1,NA,NA,NA,0,0,0,0,0,0,NA,NA,0,NA,NA,NA,NA,NA,NA,NA,NA
"CT","CONNECTICUT","0901200","East Haddam School District",185,"Nathan Hale-Ray High School","090120000185","No",4,1,1,0,0,0,0,0,0,0,0,24,0,0,0,25,1,0,0,1,0,"2021-2022","Supplemental Virtual",0,1,0,1345,NA,NA,1,26,24,0,2,0,0,0,0.961538461538462,0.0384615384615385,26,FALSE,26,0,0.923076923076923,0.0769230769230769,0,0,0
"WV","West Virginia","5401200","Putnam County Schools",920,"Confidence Elementary","540120000920","No",NA,NA,NA,NA,NA,NA,NA,NA,NA,NA,NA,NA,NA,NA,NA,NA,NA,NA,NA,NA,NA,"2020-2021","Supplemental Virtual",0,0,1,495,1,NA,NA,NA,0,0,0,0,0,0,NA,NA,0,NA,NA,NA,NA,NA,NA,NA,NA
"NJ","New Jersey","3402310","Brielle Boro School District",3754,"Brielle Elementary School","340231003754","No",NA,NA,NA,NA,NA,NA,NA,NA,NA,NA,NA,NA,NA,NA,NA,NA,NA,NA,NA,NA,NA,"2020-2021","No virtual instruction",0,1,0,2545,1,1,NA,NA,0,0,0,0,0,0,NA,NA,0,NA,NA,NA,NA,NA,NA,NA,NA
"MT","Montana","3018570","Missoula Elem",581,"Washington Middle School","301857000581","No",NA,NA,NA,NA,NA,NA,NA,NA,NA,NA,NA,NA,NA,NA,NA,NA,NA,NA,NA,NA,NA,"2020-2021","Supplemental Virtual",0,0,1,3340,NA,1,NA,NA,0,0,0,0,0,0,NA,NA,0,NA,NA,NA,NA,NA,NA,NA,NA
"OK","Oklahoma","4007620","Choctaw-Nicoma Park",314,"Nicoma Park Es","400762000314","No",NA,NA,NA,NA,NA,NA,NA,NA,NA,NA,NA,NA,NA,NA,NA,NA,NA,NA,NA,NA,NA,"2020-2021","No virtual instruction",1,0,0,2010,1,NA,NA,NA,0,0,0,0,0,0,NA,NA,0,NA,NA,NA,NA,NA,NA,NA,NA
"OH","Ohio","3904378","Cleveland Municipal",5821,"Bard Early College Cleveland","390437805821","No",0,NA,NA,NA,NA,NA,NA,NA,NA,NA,NA,NA,NA,NA,NA,NA,NA,NA,NA,NA,NA,"2020-2021","No virtual instruction",1,0,0,2225,NA,NA,1,NA,0,0,0,0,0,0,NA,NA,0,NA,NA,NA,NA,NA,NA,NA,NA
"NY","NEW YORK","3608460","CORTLAND CITY SCHOOL DISTRICT",646,"CORTLAND HIGH SCHOOL","360846000646","No",0,NA,NA,NA,NA,NA,NA,NA,NA,NA,NA,NA,NA,NA,NA,NA,NA,NA,NA,NA,NA,"2021-2022","No virtual instruction",1,0,0,3115,NA,NA,1,NA,0,0,0,0,0,0,NA,NA,0,NA,NA,NA,NA,NA,NA,NA,NA
"VA","Virginia","5100102","Regional Learning Academy/Wise Co",2372,"Regional Learning Academy/Wise Co","510010202372","No",0,NA,NA,NA,NA,NA,NA,NA,NA,NA,NA,NA,NA,NA,NA,NA,NA,NA,NA,NA,NA,"2020-2021","Supplemental Virtual",0,0,1,0,NA,NA,NA,NA,0,0,0,0,0,0,NA,NA,0,NA,NA,NA,NA,NA,NA,NA,NA
"MI","Michigan","2604740","Bendle Public Schools",4156,"Bendle Middle School","260474004156","No",NA,NA,NA,NA,NA,NA,NA,NA,NA,NA,NA,NA,NA,NA,NA,NA,NA,NA,NA,NA,NA,"2020-2021","Supplemental Virtual",1,0,0,1345,NA,1,NA,NA,0,0,0,0,0,0,NA,NA,0,NA,NA,NA,NA,NA,NA,NA,NA
"NM","NEW MEXICO","3500420","CHAMA VALLEY INDEP. SCHOOLS",195,"TIERRA AMARILLA ELEMENTARY","350042000195","No",NA,NA,NA,NA,NA,NA,NA,NA,NA,NA,NA,NA,NA,NA,NA,NA,NA,NA,NA,NA,NA,"2021-2022","No virtual instruction",1,0,0,560,1,1,NA,NA,0,0,0,0,0,0,NA,NA,0,NA,NA,NA,NA,NA,NA,NA,NA
"MO","Missouri","2916400","Kansas City 33",860,"Northeast High","291640000860","No",6,26,18,1,0,9,8,1,1,28,12,3,7,0,0,68,46,18,11,11,4,"2020-2021","No virtual instruction",1,0,0,2885,NA,NA,1,114,10,40,44,17,1,0,0.596491228070175,0.403508771929825,112,FALSE,112,0.357142857142857,0.0892857142857143,0.392857142857143,0.151785714285714,0.00892857142857143,0
"MA","MASSACHUSETTS","2508730","North Attleborough",1409,"North Attleborough Early Learning Center","250873001409","No",NA,NA,NA,NA,NA,NA,NA,NA,NA,NA,NA,NA,NA,NA,NA,NA,NA,NA,NA,NA,NA,"2021-2022","No virtual instruction",0,0,1,670,1,NA,NA,NA,0,0,0,0,0,0,NA,NA,0,NA,NA,NA,NA,NA,NA,NA,NA
"AR","ARKANSAS","0500394","ARKANSAS VIRTUAL ACADEMY",1461,"ARKANSAS VIRTUAL ACADEMY ELEMENTARY","050039401461","No",NA,NA,NA,NA,NA,NA,NA,NA,NA,NA,NA,NA,NA,NA,NA,NA,NA,NA,NA,NA,NA,"2021-2022","Exclusively virtual",1,0,0,6835,1,NA,NA,NA,0,0,0,0,0,0,NA,NA,0,NA,NA,NA,NA,NA,NA,NA,NA
"CA","California","0628080","Oakley Union Elementary",186,"Laurel Elementary","062808000186","No",NA,NA,NA,NA,NA,NA,NA,NA,NA,NA,NA,NA,NA,NA,NA,NA,NA,NA,NA,NA,NA,"2020-2021","Not reported",NA,NA,NA,1875,1,NA,NA,NA,0,0,0,0,0,0,NA,NA,0,NA,NA,NA,NA,NA,NA,NA,NA
"TX","TEXAS","4838730","SAN ANTONIO ISD",4364,"HUPPERTZ EL","483873004364","No",NA,NA,NA,NA,NA,NA,NA,NA,NA,NA,NA,NA,NA,NA,NA,NA,NA,NA,NA,NA,NA,"2021-2022","Missing",1,0,0,1405,1,NA,NA,NA,0,0,0,0,0,0,NA,NA,0,NA,NA,NA,NA,NA,NA,NA,NA
"UT","Utah","4900210","Davis District",137,"Oak Hills School","490021000137","No",NA,NA,NA,NA,NA,NA,NA,NA,NA,NA,NA,NA,NA,NA,NA,NA,NA,NA,NA,NA,NA,"2020-2021","Not reported",NA,NA,NA,2180,1,1,NA,NA,0,0,0,0,0,0,NA,NA,0,NA,NA,NA,NA,NA,NA,NA,NA
"MO","MISSOURI","2923700","PATTONVILLE R-III",1412,"BRIDGEWAY ELEM.","292370001412","No",NA,NA,NA,NA,NA,NA,NA,NA,NA,NA,NA,NA,NA,NA,NA,NA,NA,NA,NA,NA,NA,"2021-2022","No virtual instruction",1,0,0,2290,1,NA,NA,NA,0,0,0,0,0,0,NA,NA,0,NA,NA,NA,NA,NA,NA,NA,NA
"CT","CONNECTICUT","0904590","Torrington School District",922,"Southwest School","090459000922","No",NA,NA,NA,NA,NA,NA,NA,NA,NA,NA,NA,NA,NA,NA,NA,NA,NA,NA,NA,NA,NA,"2021-2022","Supplemental Virtual",0,1,0,1460,1,NA,NA,NA,0,0,0,0,0,0,NA,NA,0,NA,NA,NA,NA,NA,NA,NA,NA
"NJ","NEW JERSEY","3408400","Lawrence Township Public School District",3152,"Lawrence High School","340840003152","No",2,7,4,0,0,21,15,0,0,10,2,32,6,2,1,72,28,2,1,7,1,"2021-2022","No virtual instruction",0,0,1,5830,NA,NA,1,100,38,12,11,36,0,3,0.72,0.28,100,FALSE,100,0.12,0.38,0.11,0.36,0,0.03
"WI","WISCONSIN","5509600","Milwaukee School District",1829,"Carson Academy","550960001829","No",NA,NA,NA,NA,NA,NA,NA,NA,NA,NA,NA,NA,NA,NA,NA,NA,NA,NA,NA,NA,NA,"2021-2022","Supplemental Virtual",1,0,0,1795,1,1,NA,NA,0,0,0,0,0,0,NA,NA,0,NA,NA,NA,NA,NA,NA,NA,NA
"TX","TEXAS","4821150","GOOSE CREEK CISD",2106,"ASHBEL SMITH EL","482115002106","No",NA,NA,NA,NA,NA,NA,NA,NA,NA,NA,NA,NA,NA,NA,NA,NA,NA,NA,NA,NA,NA,"2021-2022","Missing",1,0,0,3010,1,NA,NA,NA,0,0,0,0,0,0,NA,NA,0,NA,NA,NA,NA,NA,NA,NA,NA
"AK","ALASKA","0200010","Aleutian Region School District",80,"Adak School","020001000080","No",0,NA,NA,NA,NA,NA,NA,NA,NA,NA,NA,NA,NA,NA,NA,NA,NA,NA,NA,NA,NA,"2021-2022","No virtual instruction",0,0,1,70,1,1,1,NA,0,0,0,0,0,0,NA,NA,0,NA,NA,NA,NA,NA,NA,NA,NA
"TN","Tennessee","4701590","Hamilton County",781,"Lookout Valley Middle / High School","470159000781","No",1,0,1,0,0,0,0,0,0,0,0,10,2,0,0,10,3,0,0,0,0,"2020-2021","No virtual instruction",1,0,0,1805,NA,1,1,13,12,0,1,0,0,0,0.769230769230769,0.230769230769231,13,FALSE,13,0,0.923076923076923,0.0769230769230769,0,0,0
"OR","Oregon","4110520","Reynolds Sd 7",1005,"Troutdale Elementary School","411052001005","No",NA,NA,NA,NA,NA,NA,NA,NA,NA,NA,NA,NA,NA,NA,NA,NA,NA,NA,NA,NA,NA,"2020-2021","No virtual instruction",1,0,0,1920,1,NA,NA,NA,0,0,0,0,0,0,NA,NA,0,NA,NA,NA,NA,NA,NA,NA,NA
"OH","Ohio","3901584","East Branch Preparatory Academydbawright Preparatory Academy",5877,"East Branch Preparatory Academydbawright Preparatory Academy","390158405877","No",NA,NA,NA,NA,NA,NA,NA,NA,NA,NA,NA,NA,NA,NA,NA,NA,NA,NA,NA,NA,NA,"2020-2021","No virtual instruction",1,0,0,755,1,1,NA,NA,0,0,0,0,0,0,NA,NA,0,NA,NA,NA,NA,NA,NA,NA,NA
"FL","Florida","1200480","Duval",713,"Rufus E. Payne Elementary School","120048000713","No",NA,NA,NA,NA,NA,NA,NA,NA,NA,NA,NA,NA,NA,NA,NA,NA,NA,NA,NA,NA,NA,"2020-2021","No virtual instruction",1,0,0,1180,1,NA,NA,NA,0,0,0,0,0,0,NA,NA,0,NA,NA,NA,NA,NA,NA,NA,NA
"CA","CALIFORNIA","0630360","Pierce Joint Unified",2931,"Arbuckle Alternative High (Continuation)","063036002931","No",0,NA,NA,NA,NA,NA,NA,NA,NA,NA,NA,NA,NA,NA,NA,NA,NA,NA,NA,NA,NA,"2021-2022","Not reported",NA,NA,NA,65,NA,NA,1,NA,0,0,0,0,0,0,NA,NA,0,NA,NA,NA,NA,NA,NA,NA,NA
"FL","FLORIDA","1200510","ESCAMBIA",4346,"BLUE ANGELS ELEMENTARY SCHOOL","120051004346","No",NA,NA,NA,NA,NA,NA,NA,NA,NA,NA,NA,NA,NA,NA,NA,NA,NA,NA,NA,NA,NA,"2021-2022","No virtual instruction",0,1,0,3740,1,NA,NA,NA,0,0,0,0,0,0,NA,NA,0,NA,NA,NA,NA,NA,NA,NA,NA
"MN","Minnesota","2742330","Wheaton Area Public School District",1784,"Wheaton Secondary","274233001784","No",0,NA,NA,NA,NA,NA,NA,NA,NA,NA,NA,NA,NA,NA,NA,NA,NA,NA,NA,NA,NA,"2020-2021","No virtual instruction",0,1,0,1030,NA,1,1,NA,0,0,0,0,0,0,NA,NA,0,NA,NA,NA,NA,NA,NA,NA,NA
"NY","New York","3617910","Lynbrook Union Free School District",1606,"Lynbrook Senior High School","361791001606","No",9,16,1,2,1,9,1,0,0,3,1,44,11,0,0,74,15,1,0,7,1,"2020-2021","Supplemental Virtual",0,0,1,4450,NA,NA,1,89,55,4,17,10,3,0,0.831460674157303,0.168539325842697,89,FALSE,89,0.0449438202247191,0.617977528089888,0.191011235955056,0.112359550561798,0.0337078651685393,0
"IL","ILLINOIS","1724720","Prairie-Hills ESD 144",4254,"Mae Jemison School","172472004254","No",NA,NA,NA,NA,NA,NA,NA,NA,NA,NA,NA,NA,NA,NA,NA,NA,NA,NA,NA,NA,NA,"2021-2022","No virtual instruction",1,0,0,1765,1,NA,NA,NA,0,0,0,0,0,0,NA,NA,0,NA,NA,NA,NA,NA,NA,NA,NA
"OH","Ohio","3904917","Aurora City",3516,"Craddock Elementary School","390491703516","No",NA,NA,NA,NA,NA,NA,NA,NA,NA,NA,NA,NA,NA,NA,NA,NA,NA,NA,NA,NA,NA,"2020-2021","No virtual instruction",0,0,1,2215,1,NA,NA,NA,0,0,0,0,0,0,NA,NA,0,NA,NA,NA,NA,NA,NA,NA,NA
